True Position,Predicted Position
40.0,24.0
93.0,68.0
203.0,102.0
300.0,76.0
150.0,29.0
300.0,96.0
184.0,46.0
221.0,72.0
47.0,40.0
83.0,51.0
100.0,61.0
300.0,84.0
78.0,83.0
145.0,56.0
300.0,95.0
66.0,92.0
164.0,55.0
22.0,73.0
64.0,51.0
58.0,62.0
25.0,71.0
300.0,62.0
300.0,92.0
18.0,58.0
28.0,37.0
300.0,58.0
131.0,92.0
147.0,96.0
212.0,82.0
185.0,75.0
168.0,68.0
27.0,83.0
32.0,54.0
192.0,58.0
95.0,83.0
300.0,65.0
193.0,101.0
88.0,54.0
112.0,76.0
36.0,66.0
92.0,73.0
156.0,83.0
175.0,88.0
217.0,29.0
151.0,43.0
150.0,62.0
217.0,102.0
190.0,42.0
165.0,52.0
52.0,46.0
26.0,69.0
19.0,68.0
300.0,98.0
133.0,73.0
7.0,59.0
10.0,72.0
300.0,71.0
300.0,93.0
147.0,73.0
144.0,79.0
65.0,59.0
75.0,58.0
144.0,58.0
300.0,65.0
184.0,86.0
57.0,58.0
85.0,68.0
142.0,60.0
188.0,70.0
98.0,59.0
170.0,82.0
168.0,82.0
187.0,63.0
128.0,77.0
101.0,78.0
148.0,93.0
82.0,51.0
126.0,47.0
300.0,36.0
221.0,57.0
300.0,46.0
144.0,96.0
145.0,83.0
3.0,53.0
300.0,94.0
133.0,77.0
177.0,88.0
217.0,73.0
30.0,71.0
98.0,48.0
36.0,62.0
201.0,93.0
160.0,64.0
129.0,54.0
74.0,73.0
42.0,77.0
8.0,35.0
195.0,64.0
185.0,56.0
68.0,44.0
22.0,48.0
67.0,52.0
166.0,59.0
151.0,63.0
81.0,40.0
300.0,54.0
34.0,45.0
30.0,55.0
49.0,48.0
17.0,64.0
172.0,84.0
180.0,78.0
156.0,103.0
7.0,28.0
153.0,51.0
187.0,75.0
26.0,78.0
28.0,48.0
39.0,56.0
300.0,85.0
94.0,80.0
52.0,68.0
49.0,51.0
36.0,85.0
44.0,60.0
204.0,61.0
111.0,28.0
153.0,60.0
1.0,58.0
218.0,69.0
154.0,84.0
53.0,67.0
136.0,52.0
50.0,84.0
156.0,92.0
71.0,69.0
104.0,74.0
56.0,83.0
215.0,61.0
173.0,65.0
215.0,75.0
300.0,26.0
87.0,50.0
203.0,82.0
105.0,43.0
170.0,63.0
165.0,85.0
180.0,82.0
107.0,94.0
196.0,65.0
57.0,52.0
300.0,68.0
44.0,55.0
23.0,62.0
40.0,75.0
222.0,33.0
300.0,48.0
138.0,54.0
41.0,86.0
127.0,71.0
143.0,85.0
300.0,88.0
195.0,65.0
300.0,64.0
300.0,89.0
144.0,93.0
62.0,81.0
33.0,83.0
116.0,56.0
88.0,44.0
163.0,55.0
61.0,63.0
178.0,67.0
205.0,76.0
13.0,68.0
300.0,55.0
99.0,52.0
35.0,71.0
148.0,62.0
170.0,50.0
7.0,51.0
300.0,56.0
175.0,42.0
300.0,62.0
159.0,53.0
95.0,45.0
164.0,48.0
168.0,108.0
300.0,85.0
173.0,53.0
140.0,85.0
93.0,67.0
205.0,74.0
101.0,47.0
150.0,82.0
48.0,44.0
300.0,48.0
35.0,42.0
57.0,109.0
91.0,94.0
300.0,61.0
161.0,70.0
154.0,63.0
110.0,89.0
94.0,89.0
300.0,57.0
133.0,55.0
220.0,56.0
114.0,88.0
36.0,33.0
70.0,67.0
145.0,60.0
29.0,60.0
160.0,101.0
300.0,61.0
300.0,47.0
8.0,59.0
35.0,60.0
300.0,81.0
97.0,75.0
71.0,70.0
192.0,64.0
111.0,66.0
2.0,57.0
131.0,80.0
173.0,78.0
123.0,85.0
111.0,89.0
14.0,45.0
64.0,60.0
22.0,47.0
158.0,94.0
211.0,64.0
25.0,46.0
32.0,52.0
181.0,108.0
82.0,76.0
117.0,93.0
92.0,81.0
60.0,28.0
300.0,44.0
67.0,58.0
78.0,74.0
184.0,73.0
117.0,68.0
154.0,76.0
157.0,69.0
192.0,95.0
140.0,61.0
300.0,59.0
17.0,77.0
114.0,58.0
154.0,75.0
300.0,37.0
300.0,56.0
157.0,72.0
66.0,48.0
44.0,62.0
154.0,87.0
19.0,78.0
130.0,68.0
102.0,83.0
73.0,96.0
175.0,82.0
59.0,60.0
21.0,82.0
70.0,78.0
194.0,89.0
129.0,60.0
162.0,82.0
224.0,63.0
86.0,77.0
115.0,87.0
175.0,58.0
157.0,35.0
192.0,98.0
26.0,49.0
133.0,73.0
300.0,50.0
222.0,49.0
91.0,53.0
43.0,62.0
300.0,85.0
161.0,81.0
168.0,105.0
137.0,67.0
300.0,28.0
300.0,85.0
158.0,78.0
168.0,92.0
19.0,66.0
62.0,50.0
135.0,45.0
1.0,41.0
176.0,81.0
9.0,81.0
152.0,58.0
137.0,55.0
39.0,39.0
73.0,47.0
217.0,88.0
143.0,50.0
34.0,59.0
183.0,93.0
155.0,75.0
169.0,58.0
61.0,81.0
161.0,57.0
15.0,70.0
201.0,72.0
8.0,75.0
52.0,70.0
197.0,43.0
33.0,70.0
145.0,74.0
80.0,67.0
120.0,41.0
105.0,79.0
90.0,46.0
138.0,78.0
194.0,73.0
21.0,63.0
183.0,43.0
25.0,83.0
33.0,51.0
300.0,83.0
300.0,55.0
170.0,89.0
86.0,63.0
191.0,82.0
141.0,55.0
188.0,78.0
127.0,51.0
41.0,47.0
81.0,52.0
176.0,47.0
50.0,45.0
130.0,84.0
178.0,77.0
165.0,71.0
48.0,34.0
202.0,53.0
31.0,87.0
159.0,79.0
300.0,40.0
137.0,53.0
210.0,59.0
96.0,63.0
170.0,81.0
211.0,87.0
154.0,57.0
24.0,33.0
132.0,55.0
201.0,82.0
161.0,67.0
86.0,42.0
96.0,40.0
300.0,81.0
53.0,55.0
12.0,33.0
46.0,36.0
300.0,102.0
204.0,79.0
223.0,55.0
169.0,80.0
300.0,71.0
72.0,60.0
213.0,102.0
300.0,58.0
300.0,74.0
109.0,73.0
127.0,64.0
56.0,64.0
136.0,70.0
121.0,65.0
28.0,68.0
300.0,55.0
72.0,95.0
95.0,69.0
210.0,65.0
300.0,84.0
99.0,76.0
23.0,56.0
165.0,71.0
28.0,78.0
123.0,52.0
125.0,76.0
198.0,58.0
123.0,89.0
209.0,41.0
300.0,50.0
3.0,81.0
46.0,70.0
197.0,53.0
67.0,79.0
205.0,55.0
211.0,82.0
61.0,58.0
125.0,63.0
46.0,81.0
146.0,45.0
99.0,65.0
300.0,56.0
77.0,55.0
190.0,80.0
300.0,69.0
146.0,80.0
213.0,81.0
54.0,67.0
9.0,43.0
164.0,67.0
161.0,87.0
27.0,44.0
26.0,58.0
193.0,79.0
91.0,81.0
15.0,69.0
191.0,87.0
66.0,82.0
190.0,105.0
300.0,71.0
33.0,74.0
190.0,67.0
99.0,54.0
300.0,82.0
170.0,75.0
148.0,84.0
104.0,96.0
215.0,51.0
108.0,75.0
5.0,41.0
10.0,58.0
206.0,53.0
91.0,44.0
102.0,67.0
128.0,70.0
35.0,82.0
34.0,62.0
219.0,87.0
123.0,69.0
112.0,61.0
119.0,60.0
105.0,78.0
62.0,65.0
300.0,54.0
300.0,100.0
30.0,69.0
40.0,59.0
196.0,102.0
164.0,62.0
300.0,71.0
148.0,74.0
205.0,59.0
76.0,77.0
221.0,105.0
63.0,84.0
157.0,86.0
300.0,90.0
198.0,79.0
151.0,94.0
220.0,57.0
28.0,39.0
37.0,75.0
103.0,51.0
300.0,77.0
196.0,78.0
83.0,62.0
137.0,29.0
122.0,58.0
70.0,68.0
300.0,69.0
300.0,81.0
97.0,73.0
16.0,33.0
15.0,41.0
81.0,76.0
18.0,45.0
117.0,56.0
82.0,58.0
300.0,67.0
300.0,33.0
78.0,47.0
95.0,89.0
111.0,52.0
138.0,62.0
300.0,91.0
112.0,42.0
13.0,59.0
102.0,74.0
34.0,54.0
219.0,76.0
143.0,80.0
153.0,70.0
147.0,79.0
131.0,104.0
83.0,74.0
114.0,84.0
73.0,65.0
300.0,49.0
90.0,83.0
166.0,70.0
49.0,46.0
121.0,51.0
300.0,56.0
217.0,72.0
105.0,67.0
34.0,72.0
135.0,60.0
300.0,80.0
213.0,74.0
69.0,44.0
32.0,69.0
212.0,60.0
46.0,26.0
186.0,79.0
123.0,72.0
300.0,79.0
171.0,87.0
168.0,86.0
32.0,57.0
198.0,58.0
65.0,54.0
204.0,65.0
118.0,62.0
171.0,65.0
300.0,77.0
300.0,70.0
48.0,67.0
175.0,48.0
24.0,59.0
37.0,54.0
124.0,60.0
148.0,51.0
207.0,81.0
300.0,95.0
26.0,83.0
300.0,57.0
84.0,69.0
191.0,109.0
224.0,77.0
139.0,90.0
35.0,49.0
15.0,32.0
94.0,69.0
29.0,79.0
210.0,84.0
148.0,63.0
300.0,76.0
54.0,70.0
106.0,54.0
21.0,41.0
162.0,62.0
95.0,79.0
94.0,68.0
300.0,96.0
55.0,80.0
160.0,63.0
138.0,75.0
186.0,57.0
147.0,77.0
124.0,66.0
300.0,51.0
65.0,80.0
300.0,73.0
72.0,62.0
182.0,85.0
203.0,60.0
160.0,65.0
3.0,29.0
212.0,74.0
300.0,69.0
113.0,57.0
180.0,49.0
67.0,48.0
135.0,44.0
71.0,89.0
198.0,62.0
300.0,76.0
135.0,66.0
123.0,62.0
300.0,47.0
300.0,22.0
300.0,57.0
124.0,75.0
54.0,74.0
194.0,78.0
90.0,72.0
61.0,58.0
36.0,60.0
109.0,57.0
199.0,55.0
206.0,80.0
155.0,81.0
82.0,87.0
101.0,61.0
38.0,76.0
300.0,60.0
128.0,74.0
144.0,71.0
186.0,65.0
116.0,77.0
50.0,56.0
51.0,90.0
115.0,99.0
78.0,57.0
135.0,88.0
201.0,85.0
107.0,89.0
69.0,65.0
140.0,64.0
300.0,56.0
111.0,56.0
33.0,72.0
138.0,49.0
73.0,78.0
5.0,26.0
23.0,32.0
169.0,67.0
143.0,59.0
116.0,88.0
300.0,85.0
5.0,34.0
170.0,54.0
300.0,90.0
12.0,63.0
3.0,47.0
210.0,84.0
202.0,87.0
179.0,78.0
136.0,84.0
74.0,90.0
218.0,112.0
119.0,77.0
208.0,64.0
34.0,84.0
207.0,96.0
205.0,77.0
11.0,89.0
109.0,82.0
114.0,62.0
183.0,32.0
78.0,76.0
48.0,30.0
44.0,63.0
137.0,43.0
191.0,70.0
208.0,96.0
193.0,80.0
300.0,37.0
45.0,74.0
300.0,80.0
136.0,80.0
34.0,65.0
42.0,62.0
300.0,73.0
206.0,71.0
39.0,56.0
207.0,72.0
300.0,80.0
157.0,52.0
111.0,71.0
57.0,41.0
177.0,90.0
216.0,85.0
161.0,84.0
160.0,58.0
7.0,55.0
204.0,71.0
188.0,76.0
152.0,83.0
217.0,62.0
188.0,33.0
14.0,99.0
34.0,75.0
46.0,45.0
102.0,55.0
300.0,84.0
300.0,49.0
300.0,36.0
60.0,87.0
147.0,30.0
47.0,53.0
6.0,49.0
60.0,74.0
300.0,85.0
106.0,66.0
300.0,99.0
54.0,45.0
300.0,54.0
67.0,79.0
94.0,32.0
300.0,54.0
203.0,68.0
58.0,75.0
184.0,71.0
142.0,58.0
67.0,73.0
165.0,80.0
159.0,78.0
32.0,37.0
181.0,79.0
174.0,83.0
1.0,46.0
184.0,52.0
85.0,66.0
300.0,62.0
24.0,62.0
197.0,72.0
167.0,63.0
143.0,87.0
182.0,77.0
136.0,72.0
82.0,34.0
176.0,67.0
99.0,63.0
167.0,51.0
183.0,87.0
139.0,41.0
300.0,73.0
174.0,102.0
135.0,103.0
211.0,75.0
300.0,62.0
199.0,89.0
146.0,78.0
123.0,61.0
300.0,76.0
194.0,80.0
164.0,72.0
169.0,61.0
196.0,100.0
12.0,77.0
130.0,72.0
70.0,61.0
78.0,43.0
126.0,65.0
97.0,65.0
130.0,50.0
23.0,56.0
215.0,88.0
205.0,63.0
75.0,44.0
162.0,62.0
167.0,68.0
300.0,68.0
138.0,52.0
154.0,82.0
104.0,58.0
159.0,71.0
30.0,73.0
193.0,76.0
42.0,83.0
300.0,67.0
179.0,75.0
112.0,60.0
30.0,60.0
66.0,60.0
22.0,38.0
43.0,52.0
212.0,107.0
190.0,67.0
70.0,53.0
142.0,76.0
218.0,64.0
300.0,85.0
300.0,78.0
3.0,63.0
119.0,90.0
122.0,85.0
74.0,62.0
10.0,65.0
47.0,48.0
187.0,59.0
84.0,77.0
170.0,79.0
31.0,86.0
300.0,77.0
300.0,73.0
300.0,81.0
53.0,78.0
194.0,61.0
25.0,70.0
199.0,53.0
1.0,57.0
300.0,85.0
300.0,72.0
300.0,87.0
133.0,60.0
187.0,59.0
30.0,55.0
300.0,57.0
27.0,77.0
110.0,37.0
300.0,87.0
300.0,89.0
15.0,67.0
96.0,110.0
217.0,86.0
209.0,89.0
103.0,87.0
61.0,85.0
172.0,47.0
300.0,78.0
222.0,68.0
107.0,75.0
214.0,86.0
100.0,68.0
4.0,61.0
300.0,62.0
300.0,86.0
23.0,38.0
300.0,69.0
130.0,52.0
50.0,51.0
94.0,69.0
151.0,58.0
125.0,73.0
211.0,76.0
137.0,68.0
45.0,57.0
73.0,79.0
74.0,53.0
193.0,57.0
188.0,69.0
12.0,57.0
141.0,59.0
300.0,76.0
197.0,76.0
81.0,57.0
300.0,63.0
300.0,113.0
300.0,72.0
300.0,95.0
101.0,55.0
193.0,69.0
25.0,84.0
93.0,79.0
219.0,72.0
174.0,68.0
39.0,36.0
167.0,89.0
147.0,56.0
207.0,81.0
171.0,62.0
300.0,61.0
63.0,76.0
159.0,48.0
300.0,91.0
300.0,85.0
126.0,129.0
189.0,83.0
75.0,73.0
16.0,80.0
51.0,58.0
149.0,66.0
155.0,93.0
99.0,87.0
201.0,75.0
300.0,64.0
300.0,59.0
46.0,73.0
192.0,80.0
300.0,80.0
60.0,39.0
300.0,69.0
83.0,62.0
57.0,78.0
128.0,64.0
103.0,65.0
197.0,68.0
91.0,93.0
29.0,72.0
49.0,51.0
217.0,57.0
52.0,55.0
174.0,52.0
105.0,56.0
159.0,78.0
207.0,63.0
24.0,74.0
31.0,56.0
45.0,68.0
300.0,84.0
92.0,58.0
16.0,73.0
116.0,77.0
118.0,85.0
187.0,86.0
31.0,78.0
7.0,86.0
13.0,56.0
28.0,52.0
164.0,84.0
108.0,44.0
155.0,72.0
35.0,85.0
34.0,54.0
30.0,72.0
38.0,60.0
86.0,79.0
153.0,93.0
93.0,75.0
300.0,78.0
59.0,73.0
300.0,48.0
223.0,100.0
128.0,80.0
17.0,81.0
40.0,73.0
300.0,75.0
160.0,41.0
53.0,49.0
180.0,58.0
116.0,45.0
210.0,86.0
191.0,43.0
43.0,77.0
39.0,76.0
37.0,48.0
300.0,81.0
90.0,75.0
101.0,93.0
16.0,71.0
49.0,70.0
197.0,106.0
199.0,91.0
92.0,82.0
123.0,69.0
214.0,70.0
64.0,73.0
204.0,68.0
10.0,58.0
98.0,78.0
19.0,77.0
43.0,29.0
300.0,90.0
85.0,85.0
300.0,63.0
210.0,80.0
61.0,54.0
14.0,69.0
207.0,89.0
135.0,50.0
153.0,70.0
151.0,48.0
300.0,90.0
300.0,72.0
219.0,114.0
38.0,74.0
196.0,80.0
32.0,101.0
196.0,84.0
51.0,56.0
91.0,77.0
55.0,91.0
81.0,89.0
118.0,29.0
143.0,84.0
188.0,66.0
134.0,92.0
47.0,82.0
49.0,77.0
300.0,45.0
223.0,60.0
300.0,96.0
64.0,67.0
65.0,81.0
56.0,64.0
30.0,55.0
217.0,86.0
50.0,62.0
300.0,57.0
59.0,73.0
79.0,87.0
93.0,60.0
184.0,44.0
116.0,59.0
182.0,61.0
14.0,43.0
22.0,91.0
300.0,55.0
106.0,49.0
148.0,84.0
300.0,68.0
127.0,95.0
204.0,39.0
74.0,71.0
57.0,52.0
114.0,67.0
215.0,96.0
156.0,74.0
300.0,68.0
173.0,59.0
110.0,88.0
62.0,67.0
219.0,65.0
140.0,51.0
127.0,87.0
7.0,28.0
153.0,65.0
146.0,56.0
174.0,64.0
84.0,67.0
59.0,50.0
116.0,80.0
153.0,81.0
206.0,70.0
22.0,101.0
182.0,72.0
111.0,65.0
300.0,83.0
140.0,93.0
213.0,83.0
140.0,60.0
300.0,98.0
78.0,60.0
300.0,61.0
215.0,54.0
35.0,62.0
197.0,80.0
69.0,39.0
100.0,50.0
300.0,49.0
20.0,68.0
132.0,69.0
95.0,69.0
139.0,85.0
111.0,52.0
101.0,84.0
183.0,91.0
59.0,76.0
78.0,72.0
40.0,96.0
156.0,67.0
167.0,63.0
135.0,71.0
300.0,69.0
300.0,46.0
109.0,70.0
109.0,75.0
300.0,76.0
300.0,70.0
11.0,39.0
300.0,83.0
22.0,84.0
127.0,69.0
300.0,47.0
85.0,61.0
216.0,87.0
214.0,89.0
300.0,82.0
7.0,76.0
43.0,99.0
50.0,52.0
117.0,82.0
215.0,59.0
110.0,49.0
20.0,42.0
178.0,62.0
121.0,85.0
200.0,60.0
9.0,52.0
119.0,89.0
146.0,49.0
23.0,38.0
300.0,80.0
121.0,41.0
7.0,54.0
44.0,40.0
4.0,61.0
43.0,62.0
139.0,85.0
300.0,78.0
300.0,61.0
184.0,57.0
147.0,63.0
199.0,62.0
207.0,29.0
52.0,78.0
3.0,47.0
300.0,63.0
192.0,102.0
28.0,80.0
71.0,48.0
224.0,105.0
5.0,51.0
178.0,53.0
143.0,64.0
31.0,63.0
159.0,82.0
217.0,53.0
20.0,58.0
40.0,48.0
